source_id,target_12h_x,target_12h_y,target_3h_x,target_3h_y,target_6h_x,target_6h_y,target_9h_x,target_9h_y,target_diagonal_points_consensus,target_center_x,target_center_y,target_center_method,hole_12h_x,hole_12h_y,hole_3h_x,hole_3h_y,hole_6h_x,hole_6h_y,hole_9h_x,hole_9h_y,hole_diagonal_points_consensus,hole_center_x,hole_center_y,hole_center_method,shot_dx,shot_dy,shot_distance_px,target_quality_A,target_quality_B,target_quality_agree,hole_quality_A,hole_quality_B,hole_quality_agree,consensus_status,review_reason
RIFLE_SRC_0064,1512.5880325144,1236.6079035477,2036.5852326632,1747.9749608581,1527.4189857584,2269.7940049846,1004.4745775366,1759.8130849843,not_applicable_no_stable_semantic_identity,1520.0135428625,1753.8999455035,cardinal_diameter_intersection_v1,1457.1608123555,1631.6664246655,1506.9892466952,1689.1751943627,1457.1457017873,1740.7612449237,1406.0712219881,1685.0551288158,not_applicable_no_stable_semantic_identity,1457.1531287076,1687.1405917899,cardinal_diameter_intersection_v1,-62.8604141549,-66.7593537136,91.6964719931,good,good,yes,usable,ambiguous,no,ACCEPTED,
RIFLE_SRC_0092,1478.4611149514,1206.7150772987,1998.4780388550,1726.1690094132,1483.2800717837,2240.8586175670,964.6711195361,1725.0841031764,not_applicable_no_stable_semantic_identity,1480.8791627396,1725.6258265051,cardinal_diameter_intersection_v1,1456.2016415636,1683.0692989536,1514.3059171630,1729.8188382364,1471.3038732042,1784.8117958286,1412.7471344486,1738.1664153026,not_applicable_no_stable_semantic_identity,1463.7576677558,1733.9736281640,cardinal_diameter_intersection_v1,-17.1214949838,8.3478016589,19.0481333211,good,good,yes,usable,usable,yes,ACCEPTED,
RIFLE_SRC_0119,1512.0999621624,1220.0586439965,2032.5623936503,1732.8265700338,1522.4908434901,2250.5405503759,1007.4922338497,1738.8083892867,not_applicable_no_stable_semantic_identity,1517.3007853387,1735.8333903762,cardinal_diameter_intersection_v1,1435.7588527983,1785.1273229076,1487.3139105366,1839.7139768930,1439.2099029389,1890.7532211313,1386.2294052827,1837.2218113656,not_applicable_no_stable_semantic_identity,1437.5022050080,1838.4859052408,cardinal_diameter_intersection_v1,-79.7985803307,102.6525148646,130.0205838736,usable,good,no,usable,ambiguous,no,ACCEPTED,
RIFLE_SRC_0147,1455.1767834454,1231.6970406701,1965.0825639236,1741.9310564493,1455.9081560154,2253.1741222835,948.1738948639,1742.9917414336,not_applicable_no_stable_semantic_identity,1455.5424890264,1742.4625314212,cardinal_diameter_intersection_v1,1406.4265339483,1659.2739260760,1460.6334073491,1708.7181989668,1408.6493145890,1765.0804695231,1356.6053253286,1707.4864249873,not_applicable_no_stable_semantic_identity,1407.4520288153,1708.0884897863,cardinal_diameter_intersection_v1,-48.0904602112,-34.3740416349,59.1123261396,usable,ambiguous,no,usable,usable,yes,ACCEPTED,
RIFLE_SRC_0174,1586.7496370687,1218.4819991883,2102.4901039898,1731.7173449858,1591.8992791745,2242.4349445339,1080.5253318958,1731.6027947590,not_applicable_no_stable_semantic_identity,1589.3304999451,1731.6598258319,cardinal_diameter_intersection_v1,1708.0625199424,1672.4753061774,1761.5943935556,1724.8517186579,1710.9852134433,1778.0860931774,1655.5447566074,1724.2487835095,not_applicable_no_stable_semantic_identity,1709.5037991060,1724.5555625257,cardinal_diameter_intersection_v1,120.1732991609,-7.1042633062,120.3831067398,good,good,yes,good,good,yes,ACCEPTED,
RIFLE_SRC_0202,1569.6318126987,1201.5370511022,2087.5881693056,1717.8149027730,1572.5512609276,2233.5909187534,1057.5160228728,1719.1586816026,not_applicable_no_stable_semantic_identity,1571.0941526075,1718.4886941454,cardinal_diameter_intersection_v1,1303.7381693316,1828.4642241806,1352.8593706679,1880.8835722080,1305.8073930923,1934.1113887001,1255.5223497525,1880.6930840126,not_applicable_no_stable_semantic_identity,1304.7630202733,1880.7894478254,cardinal_diameter_intersection_v1,-266.3311323342,162.3007536800,311.8874904441,good,good,yes,good,usable,no,ACCEPTED,
RIFLE_SRC_0229,1411.3388608011,1175.5526429215,1929.5998842671,1690.4863191633,1416.9013392190,2207.0512415033,900.5214440936,1693.7739246912,not_applicable_no_stable_semantic_identity,1414.1245821940,1692.1331124362,cardinal_diameter_intersection_v1,930.9344696834,1444.3837842966,981.2165416043,1495.4952000144,933.5048051522,1547.3382515622,882.5905976522,1497.6643299021,not_applicable_no_stable_semantic_identity,932.2373981763,1496.5724228994,cardinal_diameter_intersection_v1,-481.8871840177,-195.5606895368,520.0569597771,good,good,yes,good,good,yes,ACCEPTED,
RIFLE_SRC_0257,1437.4193223026,1982.8066399289,2005.5764670770,2548.4974221160,1440.4322454630,3119.6975017090,871.6053293013,2551.7994051334,not_applicable_no_stable_semantic_identity,1438.9228564719,2550.1474470035,cardinal_diameter_intersection_v1,1491.1578184240,2457.7202735587,1546.2060510021,2514.6890768009,1490.7685510021,2573.0015768009,1430.7685510021,2513.5640768009,not_applicable_no_stable_semantic_identity,1490.9672710960,2514.1507454320,cardinal_diameter_intersection_v1,52.0444146241,-35.9967015714,63.2801992537,good,good,yes,usable,good,no,ACCEPTED,
RIFLE_SRC_0284,1570.3603707483,1972.3381600461,2140.7593314427,2538.2605121300,1577.4290579687,3116.9825842653,998.4366171211,2544.8450360011,not_applicable_no_stable_semantic_identity,1573.8753713023,2541.5281184910,cardinal_diameter_intersection_v1,1531.5323608793,2497.0551165396,1594.0397238186,2555.9412378243,1536.7122786274,2621.7533796661,1473.2784268110,2556.1019368341,not_applicable_no_stable_semantic_identity,1533.9817874910,2556.0211578909,cardinal_diameter_intersection_v1,-39.8935838113,14.4930393999,42.4446253412,ambiguous,ambiguous,yes,usable,usable,yes,ACCEPTED,
RIFLE_SRC_0312,1490.5074263728,1934.4613691964,2068.9291579048,2498.9923448877,1503.5437034998,3083.1584736339,921.9690388009,2516.8052284478,not_applicable_no_stable_semantic_identity,1497.0149487110,2507.8744682022,cardinal_diameter_intersection_v1,1527.9763239618,2297.3370191209,1587.6124087098,2356.0110716268,1531.6572395319,2417.3863608709,1474.2790177043,2355.5153598373,not_applicable_no_stable_semantic_identity,1529.7676118288,2355.7580628046,cardinal_diameter_intersection_v1,32.7526631178,-152.1164053976,155.6024991200,ambiguous,ambiguous,yes,ambiguous,ambiguous,yes,REVIEW_REQUIRED,hole_6h_torn_paper_ambiguity
RIFLE_SRC_0339,1461.2322839123,1971.5411931557,1816.4588394574,2322.5221974472,1466.1823821947,2679.7170775290,1109.5024522627,2326.6773187391,not_applicable_no_stable_semantic_identity,1463.7001082231,2324.5955294682,cardinal_diameter_intersection_v1,1437.4852524456,2375.7911718122,1473.1908020549,2410.0268284528,1436.7107126018,2445.5448554060,1400.7533020549,2408.2143284528,not_applicable_no_stable_semantic_identity,1437.1151253803,2409.1241583721,cardinal_diameter_intersection_v1,-26.5849828428,84.5286289039,88.6106676260,good,good,yes,usable,ambiguous,no,ACCEPTED,
RIFLE_SRC_0367,1420.2484727305,1535.1953398717,1795.0692945321,1920.5961147890,1412.2861752153,2295.0239153031,1034.6020430903,1914.0011615734,not_applicable_no_stable_semantic_identity,1416.2442571674,1917.3108537951,cardinal_diameter_intersection_v1,1270.6625251754,1862.3331841461,1308.2250251754,1899.5206841461,1269.9750251754,1938.7081841461,1231.6000251754,1899.7081841461,not_applicable_no_stable_semantic_identity,1270.3269420369,1899.6134200755,cardinal_diameter_intersection_v1,-145.9173151304,-17.6974337197,146.9866048834,good,good,yes,good,good,yes,ACCEPTED,
RIFLE_SRC_0394,1531.5362194594,1496.7138028372,1907.6305200386,1887.4022372187,1520.0575257441,2263.3945031853,1141.2511399405,1877.6170833999,not_applicable_no_stable_semantic_identity,1525.7598567578,1882.5265016808,cardinal_diameter_intersection_v1,1592.5390540568,1919.6204094940,1632.3014052287,1958.2340426971,1595.0989489787,1996.7211032440,1553.8659806193,1957.5977419158,not_applicable_no_stable_semantic_identity,1593.8107353563,1957.9217903770,cardinal_diameter_intersection_v1,68.0508785985,75.3952886962,101.5646180302,usable,usable,yes,good,good,yes,ACCEPTED,
RIFLE_SRC_0422,1539.0679027327,1751.6852687682,2068.4661860525,2286.1277539154,1536.6213965982,2805.2815944901,1008.5161065439,2279.9513772639,not_applicable_no_stable_semantic_identity,1537.8340789731,2283.0357368289,cardinal_diameter_intersection_v1,1733.7343735928,2311.4067639930,1786.6545853351,2365.0377305200,1735.8507964483,2419.7427306636,1678.5574139093,2363.3415856177,not_applicable_no_stable_semantic_identity,1734.7661884532,2364.2235534357,cardinal_diameter_intersection_v1,196.9321094801,81.1878166068,213.0110732090,usable,good,no,good,good,yes,ACCEPTED,
RIFLE_SRC_0449,1561.5928669780,1811.4907169579,2070.5042469745,2325.7277897949,1557.4237086863,2835.6728142908,1047.4839937430,2322.3062018151,not_applicable_no_stable_semantic_identity,1559.5065091559,2324.0187095378,cardinal_diameter_intersection_v1,1498.5904713337,2171.9695570312,1547.8584818806,2226.7150476171,1499.7323822712,2279.0363109374,1447.7959818806,2226.7150476171,not_applicable_no_stable_semantic_identity,1499.1743544926,2226.7150476171,cardinal_diameter_intersection_v1,-60.3321546634,-97.3036619207,114.4900498275,good,good,yes,good,good,yes,ACCEPTED,
RIFLE_SRC_0477,1471.9333219118,1787.1755437345,1979.0536833429,2302.8881314774,1464.5035127091,2812.4719796313,955.0498001943,2295.3199910819,not_applicable_no_stable_semantic_identity,1468.2235698589,2299.1127219495,cardinal_diameter_intersection_v1,1711.0478889431,2144.4826105453,1764.1751352713,2193.0826045102,1714.5128954509,2246.4513404708,1658.0529707439,2194.4167132638,not_applicable_no_stable_semantic_identity,1712.7213493188,2193.7294528529,cardinal_diameter_intersection_v1,244.4977794599,-105.3832690966,266.2419906144,good,good,yes,usable,usable,yes,ACCEPTED,
RIFLE_SRC_0504,1489.0389583460,1796.0016412514,1998.1325694317,2312.5867973522,1482.3893710292,2823.1414465832,972.5288546729,2305.5487326711,not_applicable_no_stable_semantic_identity,1485.7174089160,2309.0704186658,cardinal_diameter_intersection_v1,1551.3019712840,2187.5876027938,1599.9296941433,2241.1358048768,1552.8737506472,2292.7148099745,1498.5827168191,2239.5902446620,not_applicable_no_stable_semantic_identity,1552.0916744194,2240.4062661970,cardinal_diameter_intersection_v1,66.3742655034,-68.6641524688,95.5003086664,good,good,yes,good,good,yes,ACCEPTED,
RIFLE_SRC_0532,1530.0944530925,1774.9557063873,2040.5183924522,2295.3958951407,1521.1299364531,2806.5509129431,1008.9588182749,2287.8249513412,not_applicable_no_stable_semantic_identity,1525.6046912563,2291.6167797208,cardinal_diameter_intersection_v1,1448.4378203820,2226.4741722346,1500.1053339885,2280.2257582786,1450.2139489342,2330.1240841012,1396.4311405773,2278.2427833870,not_applicable_no_stable_semantic_identity,1449.3422611343,2279.2548136724,cardinal_diameter_intersection_v1,-76.2624301220,-12.3619660483,77.2578568995,good,good,yes,good,good,yes,ACCEPTED,
RIFLE_SRC_0559,1605.8315284850,1357.0152117922,2034.6072233344,2059.6010675989,1551.5427800434,2814.3262598866,1061.1214832961,2129.6090563519,not_applicable_no_stable_semantic_identity,1578.4362292289,2092.4064930009,cardinal_diameter_intersection_v1,1418.7730208468,1864.0844091909,1470.2986824041,1940.6215144652,1418.3175474208,2016.6433021821,1363.3975632215,1939.7012848969,not_applicable_no_stable_semantic_identity,1418.5458449459,1940.1760140660,cardinal_diameter_intersection_v1,-159.8903842831,-152.2304789349,220.7692317850,poor,usable,no,ambiguous,usable,no,ACCEPTED,
RIFLE_SRC_0587,1446.6537355288,1361.4413417004,1957.7039010987,2023.1319507424,1462.2552254114,2733.1983997762,918.3614338547,2078.3682073650,not_applicable_no_stable_semantic_identity,1454.4835498720,2049.8757905586,cardinal_diameter_intersection_v1,1346.8683525142,1979.2308292111,1398.6097566426,2050.2949711568,1345.0823719292,2117.5776871623,1289.0056380847,2046.2606088426,not_applicable_no_stable_semantic_identity,1345.9759645445,2048.3576006448,cardinal_diameter_intersection_v1,-108.5075853276,-1.5181899138,108.5182057271,poor,ambiguous,no,ambiguous,ambiguous,yes,ACCEPTED,
